Model,length,Query Length,Hardware,Host,PUE,WUE (Site),WUE (Source),Size,Mean Max Energy (Wh),Mean Min Energy (Wh),Mean Max Carbon (gCO2e),Mean Min Carbon (gCO2e),"Mean Max Water (Site, mL)","Mean Min Water (Site, mL)","Mean Max Water (Source, mL)","Mean Min Water (Source, mL)",Energy Consumption of 1 Billion Prompts (MWh),Carbon Emissions of 1 Billion Prompts (TonsCO2e),Water Consumption of 1 Billion Prompts (Kiloliter),Household Energy Equiv. – 1B Prompts (MWh),People Annual Drinking Water Equiv. – 1B Prompts (kL),Gasoline Car Equiv. – 1B Prompts (TonsCO2e),Atlantic Flight Equiv. – 1B Prompts (TonsCO2e)
GPT-5 (high),Short,300,DGX H200/H100,Azure,1.12,0.3,4.35,Large,21.350961785457542,17.9710215452155,7.259327007055567,6.11014732537327,5.719007621104698,4.813666485325578,92.8766837667403,78.1739437216874,19660.99166533652,6684.737166214419,90791.650797429,17955.243529987692,75659.70899785751,1453.2037317857432,13.263367393282577
Claude 4.5 Sonnet,Short,300,DGX H200/H100,Anthropic,1.14,0.18,5.12,Large,5.126584157280372,4.315025958530687,1.5379752471841115,1.294507787559206,0.8094606564126904,0.6813198881890559,26.248110885275505,22.092932907677117,4720.80505790553,1416.2415173716588,24915.912168777184,4311.237495804137,20763.260140647653,307.8785907329693,2.810003010658053
GPT-5 (medium),Short,300,DGX H200/H100,Azure,1.12,0.3,4.35,Large,12.60157329481305,10.606695260863845,4.284534920236438,3.606276388693708,3.375421418253495,2.8410790877313867,54.81684383243675,46.13912438475772,11604.134277838448,3945.405654465073,53586.234361589675,10597.382902135569,44655.19530132473,857.6968814054507,7.828185822351334
DeepSeek V3.2,Short,300,DGX H800,DeepSeek,1.27,1.2,6.016,Large,13.92080728038496,11.717089378755114,8.352484368230975,7.030253627253067,13.15351869012752,11.07126555472924,83.7475765987959,70.49000970259075,12818.948329570036,7691.368997742022,89231.18527312172,11706.80212746122,74359.32106093477,1672.03673863957,15.260652773297664
Grok 4,Short,300,DGX H200/H100,xAI,1.5,0.36,3.142,Large,6.600807920336208,5.555874369696411,2.54131104932944,2.1390116323331183,1.5841939008806898,1.3334098487271382,20.739738485696364,17.456557269586117,6078.341145016309,2340.1613408312787,20556.94975244516,5550.9964794669495,17130.791460370965,508.73072626766935,4.643177263554125
GPT-5 mini (high),Short,300,DGX H200/H100,Azure,1.12,0.3,4.35,Medium,14.560550537797164,11.469997802042364,4.950587182851037,3.899799252694404,3.900147465481382,3.0723208398327757,63.33839483941767,49.89449043888428,13015.274169919763,4425.19321777272,60102.67679180804,11886.095132346816,50085.56399317337,961.9985256027652,8.780145273358572
Kimi K2 Thinking,Short,300,DGX H200/H100,AWS,1.14,0.18,5.12,Large,5.343893893843777,4.497934719129284,1.6031681681531331,1.3493804157387852,0.8437727200805966,0.7102002188098873,27.36073673648015,23.02942576194194,4920.914306486531,1476.2742919459597,25972.067718656283,4493.985668024229,21643.389765546905,320.92919390129555,2.9291156586229357
GPT-5 (low),Short,300,DGX H200/H100,Azure,1.12,0.3,4.35,Large,4.519045758658899,3.8036632498676672,1.536475557944026,1.293245504955007,1.2104586853550623,1.018838370500268,19.657849050166217,16.54593513692435,4161.354504263285,1414.8605314495169,19216.540621472952,3800.3237481856486,16013.78385122746,307.57837640206884,2.8072629592252314
GPT-5 mini (medium),Short,300,DGX H200/H100,Azure,1.12,0.3,4.35,Medium,3.206801604400306,2.526141251223741,1.0903125454961042,0.8588880254160718,0.8589647154643677,0.676644978006359,13.94958697914133,10.98871444282327,2866.4714278120227,974.600285456088,13236.955557717663,2617.7821258557287,11030.796298098054,211.86962727306263,1.933730725111286
Claude 4 Sonnet,Short,300,DGX H200/H100,Anthropic,1.14,0.18,5.12,Large,5.1150302673603765,4.30530109429414,1.534509080208113,1.291590328288242,0.80763635800427,0.679784383309601,26.188954968885128,22.04314160278599,4710.165680827257,1413.049704248177,24859.758656492497,4301.521169705258,20716.46554707708,307.1847183148211,2.8036700481114623
o3,Short,300,DGX H200/H100,Azure,1.12,0.3,4.35,Large,3.902510664384452,3.284728057443025,1.326853625890713,1.1168075395306287,1.0453153565315494,0.8798378725293816,16.975921390072365,14.28856704987716,3593.6193609137385,1221.830582710671,16594.820834505223,3281.8441652180263,13829.017362087689,265.6153440675372,2.424267029187839
Claude 4.5 Haiku,Short,300,DGX H200/H100,Anthropic,1.14,0.18,5.12,Large,5.048006080090495,4.248887096387122,1.5144018240271484,1.274666128916137,0.7970535915932362,0.6708769099558616,25.84579113006334,21.754301933502067,4648.446588238809,1394.5339764716427,24534.011782557252,4245.156701587954,20445.009818797713,303.15956010253103,2.7669324929992913
Gemini 2.5 Pro Vertex,Short,300,TPU V6e,Google,1.09,0.3,1.1,Large,2.196409614581873,2.0537856136349983,0.5073706209684127,0.4744244767496847,0.6045164076830843,0.565262095495871,2.416050576040061,2.2591641749984985,2125.097614108436,490.8975488590487,2922.496627108758,1940.7284147109008,2435.4138559239645,106.7168584476193,0.9740030731330332
Gemini 2.5 Pro (AI Studio),Short,300,TPU V6e,Google,1.09,0.3,1.1,Large,2.3975585805046262,2.2418729583939365,0.5538360320965688,0.5178726533889995,0.6598785083957689,0.6170292546038358,2.6373144385550895,2.4660602542333305,2319.7157694492817,535.854342742784,3190.1412278940124,2118.4618899080197,2658.4510232450107,116.49007450930088,1.063203060997587
o4-mini (high),Short,300,DGX H200/H100,Azure,1.12,0.3,4.35,Medium,5.600807412595323,4.412006849972436,1.90427452028241,1.5000823289906289,1.50021627123089,1.1817875490997596,24.36351224478965,19.192229797380097,5006.4071312838805,1702.1784246365191,23118.8729312502,4572.061307108567,19265.7274427085,370.0387879644607,3.3773381441200776
DeepSeek V3.2 Exp,Short,300,DGX H800,DeepSeek,1.27,1.2,6.016,Large,13.31701710842899,11.20888153790737,7.990210265057394,6.7253289227444215,12.583008291428968,10.591069169676254,80.11517492430882,67.43263133205073,12262.94932316818,7357.769593900907,85360.94185873237,11199.04047777916,71134.11821561032,1599.515129108893,14.598749194247832
DeepSeek V3 (DeepSeek),Short,300,DGX H800,DeepSeek,1.27,1.2,6.016,Large,2.2720914418072677,1.9124105351183436,1.363254865084361,1.1474463210710055,2.146858055250962,1.807002080426781,13.668902113912525,11.505061779271951,2092.2509884628053,1255.3505930776837,14563.912014431113,1910.731496313064,12136.59334535926,272.9023028429747,2.490774986265245
Grok 3 mini Reasoning (high) Fast,Short,300,DGX H200/H100,xAI,1.5,0.36,3.142,Medium,0.3739009340556086,0.2945385121714111,0.1439518596114093,0.1133973271859933,0.089736224173346,0.0706892429211386,1.1747967348027222,0.925440005242574,334.2197231135098,128.6745933987013,1130.3311035698905,305.2234914278628,941.942586308242,27.972737695369847,0.2553067329339311
Grok 3 mini Reasoning (high),Short,300,DGX H200/H100,xAI,1.5,0.36,3.142,Medium,0.3753439061301546,0.2956752059029076,0.1445074038601095,0.1138349542726194,0.0900825374712371,0.0709620494166978,1.179330553060946,0.9290114969469356,335.5095560165312,129.1711790663645,1134.693318447908,306.4014210196632,945.5777653732569,28.080691101383582,0.2562920219570724
o1,Short,300,DGX H200/H100,Azure,1.12,0.3,4.35,Large,11.515643219753544,9.69267213761588,3.915318694716204,3.2955085267893995,3.0845472910054132,2.596251465432825,50.09304800592791,42.16312379862907,10604.157678684713,3605.4136107528025,48968.48528049761,9684.162263639008,40807.07106708134,783.7855675549571,7.153598434033338
DeepSeek V3 (DeepSeek),Short,300,DGX H800,DeepSeek,1.27,1.2,6.016,Large,2.2659916832781013,1.907276392073652,1.359595009966861,1.1443658352441917,2.1410945038848204,1.802150921644396,13.632205966601058,11.474174774715092,2086.6340376758767,1251.980422605526,14524.81308342268,1905.6018608912116,12104.010902852237,272.16965708815786,2.4840881400903294
DeepSeek R1 (Azure),Short,300,DGX H200/H100,Azure,1.12,0.3,4.35,Large,4.999446800300058,4.20801493933383,1.69981191210202,1.430725079373502,1.3391375357946584,1.1271468587501328,21.747593581305253,18.304864986102157,4603.730869816944,1565.2684957377608,21259.3714809761,4204.32042905657,17716.14290081342,340.2757599429915,3.105691459797145
Gemini 2.5 Flash (Vertex),Short,300,TPU V6e,Google,1.09,0.3,1.1,Large,2.146923203904386,2.0075126062482567,0.4959392601019132,0.4637354120433474,0.5908962946525833,0.5525264053894284,2.3616155242948245,2.2082638668730827,2077.217905076321,479.8373360726303,2856.6510456049596,1897.0026530377363,2380.542538004133,104.31246436361528,0.952058206493314
GPT-5 nano (high),Short,300,DGX H200/H100,Azure,1.12,0.3,4.35,Small,7.2555366710107325,5.7337761707238375,2.4668824681436488,1.949483898046105,1.94344732259216,1.5358329028724562,31.56158451889668,24.941926342648692,6494.656420867284,2208.1831830948768,29991.395543504997,5931.193078417611,24992.829619587497,480.0398224119298,4.381315839473962
GPT-4.1,Short,300,DGX H200/H100,Azure,1.12,0.3,4.35,Large,1.066328765724318,0.8975247773693729,0.3625517803462681,0.3051584243055868,0.2856237765332994,0.2404084225096534,4.638530130900783,3.904232781556772,981.9267715468455,333.8551023259275,4534.397555750255,896.7367776683523,3778.66462979188,72.57719615781032,0.6624109173133481
GPT-5 nano (medium),Short,300,DGX H200/H100,Azure,1.12,0.3,4.35,Small,3.647839641581092,2.8827496793019116,1.2402654781375713,0.9801348909626502,0.9770999039949352,0.7721650926701548,15.868102440877747,12.539961104963314,3265.2946604415015,1110.2001845501106,15078.664271253076,2982.0042561109603,12565.553559377564,241.3478662065458,2.202778143948632
o3-mini (high),Short,300,DGX H200/H100,Azure,1.12,0.3,4.35,Medium,6.066108258216781,4.778545166137918,2.0624768077937055,1.6247053564868927,1.6248504263080663,1.2799674552155136,26.38757092324299,20.78667147269994,5422.32671217735,1843.5910821402988,25039.530138733255,4951.896540801233,20866.275115611046,400.7806700304998,3.657918813770434
Grok 3 Fast,Short,300,DGX H200/H100,xAI,1.5,0.36,3.142,Large,2.086112969204976,1.7558731776135168,0.8031534931439157,0.676011173381204,0.5006671126091942,0.421409562627244,6.554566949242035,5.516953524061668,1920.9930734092463,739.5823332625598,6496.79857427007,1754.331573889723,5413.998811891725,160.7787681005565,1.467425264409841
GPT-5 (minimal),Short,300,DGX H200/H100,Azure,1.12,0.3,4.35,Large,1.3793713434234556,1.161011498245467,0.4689862567639749,0.3947439094034586,0.3694744669884254,0.3109852227443213,6.00026534389203,5.050400017367779,1270.1914208344608,431.8650830837168,5865.562525496279,1159.9921651456264,4887.968771246899,93.88371371385148,0.8568751648486445
GPT-4.1 mini,Short,300,DGX H200/H100,Azure,1.12,0.3,4.35,Medium,0.7015069059436838,0.552608409167261,0.2385123480208525,0.1878868591168687,0.1879036355206296,0.1480201095983734,3.051555040855025,2.403846579877584,627.0576575554724,213.19960356886065,2895.662682925806,572.6553950278286,2413.052235771506,46.34773990627405,0.423015086446152
DeepSeek V3 (Azure),Short,300,DGX H200/H100,Azure,1.12,0.3,4.35,Large,1.147020239659417,0.9654424773387742,0.3899868814842017,0.3282504422951832,0.3072375641944866,0.2586006635728858,4.989538042518464,4.199674776423667,1056.2313584990957,359.1186618896924,4877.525523354751,964.5948479443796,4064.6046027956263,78.06927432384619,0.7125370275589136
GPT-5 mini (minimal),Short,300,DGX H200/H100,Azure,1.12,0.3,4.35,Medium,0.6957665604791009,0.548086481944055,0.2365606305628943,0.1863494038609786,0.1863660429854734,0.1468088790921575,3.026584538084089,2.3841761964566377,621.9265212115778,211.45501721193648,2871.967828309179,567.969425763998,2393.3065235909826,45.96848200259489,0.419553605579239
Mistral Medium 3,Short,300,DGX H200/H100,Azure,1.12,0.3,4.35,Large,1.5327595089140928,1.290117720930519,0.5211382330307917,0.4386400251163765,0.4105605827448462,0.3455672466778175,6.667503863776304,5.612012086047758,1411.4386149223062,479.8891290735841,6517.821889623363,1288.985036458727,5431.518241352803,104.32372371164873,0.9521609703840954
GPT-4o (Aug),Short,300,DGX H200/H100,Azure,1.12,0.3,4.35,Large,0.8216776983024202,0.6916029248609062,0.2793704174228229,0.2351449944527081,0.2200922406167197,0.1852507834448856,3.574297987615528,3.0084727231449424,756.6403115816632,257.25770593776554,3494.0568674110373,690.9957183394185,2911.7140561758647,55.925588247340336,0.5104319562257252
Llama 4 Maverick,Short,300,DGX H200/H100,AWS,1.14,0.18,5.12,Micro,0.1013914679556192,0.0755874223024894,0.0304174403866857,0.0226762266907468,0.0160091791508872,0.0119348561530246,0.5191243159327706,0.3870076021887462,88.48944512905437,26.546833538716314,467.03797671271445,80.81227865667066,389.19831392726206,5.7710507692861555,0.0526722887672942
Llama 3.1 405B Latency Optimized,Short,300,DGX H200/H100,AWS,1.14,0.18,5.12,Large,1.4507428347447249,1.2210846050748885,0.4352228504234174,0.3663253815224665,0.2290646581175882,0.1928028323802455,7.427803313892992,6.251953177983428,1335.9137199098068,400.77411597294207,7050.811991187127,1220.0125295979972,5875.676659322607,87.12480782020481,0.7951867380415517
Llama 3.1 405B Standard,Short,300,DGX H200/H100,AWS,1.14,0.18,5.12,Large,6.188820399578886,5.209106074839895,1.8566461198736657,1.5627318224519686,0.9771821683545612,0.822490432869457,31.6867604458439,26.670623103180265,5698.96323720939,1709.6889711628169,30078.52807512409,5204.5326367209045,25065.440062603408,371.6715154701776,3.3922400221484463
GPT-4o (Nov),Short,300,DGX H200/H100,Azure,1.12,0.3,4.35,Large,0.9809598551673562,0.8256700971761985,0.3335263507569011,0.2807278330399075,0.2627571040626846,0.2211616331721959,4.267175369977998,3.591664922716463,903.3149761717774,307.1270918984043,4171.379514964671,824.9451837185183,3476.1495958038927,66.76675910834877,0.6093791505920719
Llama 3.3 70B,Short,300,DGX H200/H100,AWS,1.14,0.18,5.12,Medium,0.4314564181891001,0.3398775448400554,0.12943692545673,0.1019632634520166,0.0681246976088053,0.0536648755010613,2.209056861128192,1.740173029581084,385.6669815145778,115.70009445437331,2035.5097319095712,352.20728905440893,1696.258109924643,25.152194446602895,0.2295636794729629
GPT-5 nano (minimal),Short,300,DGX H200/H100,Azure,1.12,0.3,4.35,Small,0.2389676810947115,0.1888471187677308,0.0812490115722019,0.0642080203810284,0.0640092002932262,0.0505840496699278,1.0395094127619948,0.8214849666396291,213.9073999312212,72.7285159766152,987.7938146823892,195.34922368148057,823.1615122353245,15.810546951438088,0.1443026110647127
Llama 4 Scout,Short,300,DGX H200/H100,AWS,1.14,0.18,5.12,Micro,0.0994416879380209,0.0741338597043853,0.0298325063814062,0.0222401579113156,0.0157013191481085,0.0117053462691134,0.5091414422426672,0.379565361686453,86.78777382120316,26.036332146360948,458.0567346731712,79.25824093260563,381.713945560976,5.660072205730641,0.0516593891792876
GPT-4.1 nano,Short,300,DGX H200/H100,Azure,1.12,0.3,4.35,Small,0.1867564735127699,0.1475865764464211,0.0634972009943417,0.0501794359917831,0.0500240554052062,0.0395321186910056,0.812390659780549,0.642001607541932,167.17152497959552,56.838318493062495,771.9742207093464,152.66805934209637,643.311850591122,12.356156194144022,0.112774441454489
Llama 3.1 70B Standard,Short,300,DGX H200/H100,AWS,1.14,0.18,5.12,Medium,8.005882181421146,6.306591964770796,2.401764654426344,1.8919775894312387,1.2640866602243916,0.9957776786480204,40.99011676887627,32.28975085962647,7156.237073095971,2146.8711219287916,37769.865983687574,6535.376322462074,31474.888319739646,466.7111134627808,4.259664924461888
Llama 3.1 70B Latency Optimized,Short,300,DGX H200/H100,AWS,1.14,0.18,5.12,Medium,0.4575713170949856,0.360449420352146,0.1372713951284956,0.1081348261056438,0.0722481026992082,0.0569130663713914,2.3427651435263264,1.8455010322029872,409.01036872356576,122.70311061706973,2158.7136723999565,373.52545088910114,1798.9280603332973,26.674589264580376,0.2434585528116462
Claude 3 Haiku,Short,300,DGX H200/H100,Anthropic,1.14,0.18,5.12,Large,0.7987275312449676,0.6722858584542448,0.2396182593734903,0.2016857575362734,0.1261148733544685,0.1061503987033018,4.089484959974235,3.442103595285733,735.5066948496063,220.6520084548819,3881.9269136588696,671.6956117348003,3234.939094715725,47.96782792497433,0.4378016040771466
Llama 3.1 8B,Short,300,DGX H200/H100,AWS,1.14,0.18,5.12,Micro,0.0841147284811992,0.0627075988913648,0.0252344185443597,0.0188122796674094,0.013281272918084,0.0099011998249523,0.4306674098237402,0.321062906323788,73.41116368628207,22.023349105884623,387.45639444528234,67.04215861760919,322.88032870440196,4.787684588235788,0.0436971212418345
Llama 3.2 11B (Vision),Short,300,DGX H200/H100,AWS,1.14,0.18,5.12,Micro,0.2686515554154288,0.2002799543280627,0.0805954666246286,0.0600839862984188,0.0424186666445413,0.0316231506833783,1.3754959637269952,1.0254333661596815,234.4657548717458,70.33972646152372,1237.485573607298,214.12397705182264,1031.2379780060817,15.29124488293994,0.1395629493284201
Llama 3.2 1B,Short,300,DGX H200/H100,AWS,1.14,0.18,5.12,Nano,0.1394085901445649,0.1028214575509069,0.0418225770433694,0.030846437265272,0.0220118826544049,0.0162349669817221,0.7137719815401722,0.5264458626606436,121.11502384773593,36.334507154320775,639.2323469184714,110.60732771482732,532.6936224320596,7.898805903113213,0.0720922760998428
Llama 3.2 90B (Vision),Short,300,DGX H200/H100,AWS,1.14,0.18,5.12,Large,1.475737481693357,1.242122502259214,0.442721244508007,0.3726367506777642,0.2330111813200037,0.1961246056198759,7.555775906269988,6.359667211567176,1358.9299919762857,407.6789975928857,7172.289452388522,1241.0319561427266,5976.9078769904345,88.62586904193167,0.8088868999858843
GPT-4o (May),Short,300,DGX H200/H100,Azure,1.12,0.3,4.35,Large,1.0631508227131072,0.8948499150892653,0.3614712797224564,0.3042489711303502,0.2847725417981537,0.2396919415417674,4.624706078802015,3.892597130638304,979.000368901186,332.8601254264034,4520.883846390121,894.0642638366996,3767.403205325101,72.36089683182684,0.6604367567984194
GPT-4 Turbo,Short,300,DGX A100,Azure,1.12,0.3,4.35,Large,4.067228825647617,3.5930892175575493,1.38285780072019,1.2216503339695663,1.0894362925841832,0.962434611845772,17.692445391567134,15.629938096375334,3830.159021602583,1302.2540673448784,17687.127196186215,3497.8621201850074,14739.272663488511,283.0987102923649,2.583837435208092
GPT-4o mini,Short,300,DGX A100,Azure,1.12,0.3,4.35,Medium,1.126142142248781,1.0434793963044129,0.3828883283645856,0.3547829947435002,0.3016452166737805,0.2795034097243961,4.898718318782198,4.539135373924194,1084.8107692765966,368.835661554043,5009.501159552284,990.6947664626454,4174.584299626903,80.18166555522673,0.7318167887977042
o3-mini,Short,300,DGX H200/H100,Azure,1.12,0.3,4.35,Medium,1.2470638693544231,0.9823680638565796,0.4240017155805038,0.3340051417112371,0.334034965005649,0.2631343028187266,5.424727831691739,4.273301077776121,1114.7159666055015,379.0034286458704,5147.599088646118,1018.005448954796,4289.665907205098,82.392049705624,0.7519909298529174
o3-pro,Short,300,DGX H200/H100,Azure,1.12,0.3,4.35,Large,26.04484495319228,21.921844762722262,8.855247284085376,7.453427219325569,6.97629775531936,5.871922704300606,113.2950755463864,95.3600247178418,23983.344857957265,8154.337251705472,110751.66036192408,21902.598043796588,92293.05030160342,1772.6820112403202,16.1792405787807
Llama 3.2 3B,Short,300,DGX H200/H100,AWS,1.14,0.18,5.12,Nano,0.2162494848841521,0.1594958187825,0.0648748454652456,0.04784874563475,0.034144655508024,0.0251835503340789,1.107197362606859,0.8166185921664003,187.87265183332607,56.361795549997815,991.5720803076808,171.57319802130235,826.3100669230674,12.252564249999526,0.1118289594245988
Claude 4.1 Opus,Short,300,DGX H200/H100,Anthropic,1.14,0.18,5.12,Large,5.859175674148269,4.931645390749533,1.757752702244481,1.4794936172248596,0.9251330011813056,0.7786808511709787,29.998979451639144,25.250024400637606,5395.410532448902,1618.62315973467,28476.40885231452,4927.3155547478555,23730.340710262102,351.8745999423196,3.2115538883624404
Claude 4 Opus,Short,300,DGX H200/H100,Anthropic,1.14,0.18,5.12,Large,2.3630864418568915,1.989000672969299,0.7089259325570675,0.5967002018907896,0.3731189118721408,0.3140527378372577,12.099002582307287,10.18368344560281,2176.0435574130956,652.8130672239287,11484.928838809748,1987.2543903315943,9570.774032341458,141.91588417911493,1.2952640222696998
Mistral Large 2 (AWS),Short,300,DGX H200/H100,AWS,1.14,0.18,5.12,Large,2.648345558257969,2.229102162463068,0.7945036674773909,0.6687306487389204,0.4181598249881005,0.3519634993362739,13.559529258280804,11.413003071810907,2438.7238603605188,731.6171581081556,12871.327827208044,2227.145077954812,10726.10652267337,159.04720828438167,1.4516213454526898
GPT-5 (high),Medium,1000,DGX H200/H100,Azure,1.12,0.3,4.35,Large,24.920840265679843,20.975774386165863,8.473085690331148,7.1317632912963935,6.675225071164243,5.618510996294425,108.40565515570732,91.24461857982146,22948.307325922855,7802.424490813771,105972.00490149374,20957.358288514024,88310.00408457812,1696.1792371334286,15.481000973836847
Claude 4.5 Sonnet,Medium,1000,DGX H200/H100,Anthropic,1.14,0.18,5.12,Large,6.626081798340236,5.577147294574713,1.9878245395020704,1.6731441883724136,1.0462234418431953,0.8806022044065337,33.92553880750201,28.554994148222537,6101.614546457475,1830.484363937242,32203.67930098714,5572.250727358424,26836.399417489283,397.93138346461785,3.631913420510401
GPT-5 (medium),Medium,1000,DGX H200/H100,Azure,1.12,0.3,4.35,Large,14.917003794937967,12.55558411291245,5.07178129027891,4.268898598390234,3.995626016501241,3.3631028873872637,64.88896650798017,54.61679089116916,13736.293953925211,4670.339944334572,63432.24315151893,12544.560688516176,52860.202626265775,1015.291292246646,9.26654750860034
DeepSeek V3.2,Medium,1000,DGX H800,DeepSeek,1.27,1.2,6.016,Large,17.15793314691632,14.441765638146526,10.294759888149793,8.665059382887915,16.212220296298884,13.645762807697505,103.22212581184858,86.88166207908948,15799.849392531429,9479.909635518852,109980.88549746724,14429.086203225048,91650.73791455604,2060.849920764968,18.80934451491836
Grok 4,Medium,1000,DGX H200/H100,xAI,1.5,0.36,3.142,Large,8.403966913801204,7.073586285750693,3.2355272618134627,2.7233307200140167,2.0169520593122887,1.6976607085801665,26.40526404316338,22.22520810982868,7738.776599775949,2979.42899091374,26172.542460442255,7067.375890206346,21810.452050368545,647.7019545464653,5.911565458162182
GPT-5 mini (high),Medium,1000,DGX H200/H100,Azure,1.12,0.3,4.35,Medium,18.114771262326983,14.269816654530478,6.159022229191175,4.851737662540363,4.852170873837585,3.822272318177806,78.7992549911224,62.07370244720758,16192.293958428734,5505.3799458657695,74773.7003151727,14787.483067058203,62311.41692931058,1196.821727362124,10.92337290846383
Kimi K2 Thinking,Medium,1000,DGX H200/H100,AWS,1.14,0.18,5.12,Large,6.309287073672847,5.310502406179758,1.8927861221018536,1.5931507218539278,0.9962032221588704,0.8385003799231199,32.30354981720498,27.18977231964037,5809.894739926303,1742.9684219778908,30664.012869463662,5305.8399451381765,25553.34405788639,378.9061786908459,3.458270678527561
GPT-5 (low),Medium,1000,DGX H200/H100,Azure,1.12,0.3,4.35,Large,5.698786715247882,4.796646627463058,1.93758748318428,1.6308598533374397,1.5264607272985398,1.2848160609276045,24.78972221132829,20.8654128294643,5247.716671355471,1784.22366826086,24233.20591450937,4792.435316306366,20194.338262091143,387.8747104914913,3.5401263259144047
GPT-5 mini (medium),Medium,1000,DGX H200/H100,Azure,1.12,0.3,4.35,Medium,4.901079728090652,3.8608000132211258,1.666367107550822,1.312672004495183,1.3127892128814245,1.0341428606842298,21.31969681719433,16.794480057511894,4380.9398706558895,1489.5195560230022,20230.554474135937,4000.858329366109,16858.79539511328,323.8085991354353,2.9553959444900837
Claude 4 Sonnet,Medium,1000,DGX H200/H100,Anthropic,1.14,0.18,5.12,Large,6.622502554163743,5.574134658663617,1.986750766249123,1.6722403975990852,1.0456582980258542,0.8801265250521499,33.907213077318374,28.53956945235772,6098.31860641368,1829.4955819241045,32186.283676377043,5569.240736450849,26821.903063647536,397.7164308530662,3.629951551436714
o3,Medium,1000,DGX H200/H100,Azure,1.12,0.3,4.35,Large,5.0201091403296765,4.225406350623778,1.7068371077120903,1.436638159212084,1.3446720911597347,1.1318052724885117,21.837474760434095,18.38051762521343,4622.757745476728,1571.7376334620872,21347.23487464788,4221.696571211623,17789.3623955399,341.68209423088854,3.118527050520014
Claude 4.5 Haiku,Medium,1000,DGX H200/H100,Anthropic,1.14,0.18,5.12,Large,5.055937510482636,4.255562950519305,1.5167812531447906,1.2766688851557917,0.7983059227077846,0.6719309921872588,25.886400053671093,21.78848230665885,4655.75023050097,1396.7250691502911,24572.559637612496,4251.826694521435,20477.133031343747,303.6358845978894,2.7712798991077205
Gemini 2.5 Pro Vertex,Medium,1000,TPU V6e,Google,1.09,0.3,1.1,Large,2.5307249608297915,2.366392171165519,0.5845974659516818,0.5466365915392348,0.6965298057329701,0.6513005975684913,2.7837974569127706,2.603031388282071,2448.558565997655,565.6170287454584,3367.329624248151,2236.126544290096,2806.108020206793,122.96022364031704,1.122256009415592
Gemini 2.5 Pro (AI Studio),Medium,1000,TPU V6e,Google,1.09,0.3,1.1,Large,2.186520538771102,2.0445386856041474,0.5050862444561248,0.4722884363745582,0.6017946436984686,0.5627170694323341,2.4051725926482126,2.248992554164563,2115.5296121876254,488.68734041534145,2909.3384299717895,1931.990513413357,2424.448691643158,106.2363783511612,0.9696177389193282
o4-mini (high),Medium,1000,DGX H200/H100,Azure,1.12,0.3,4.35,Medium,6.655111355330826,5.242529286227125,2.2627378608124813,1.7824599573172226,1.7826191130350424,1.404248915953694,28.949734395689088,22.805002395087996,5948.820320778976,2022.598909064852,27470.80240988291,5432.712621715959,22892.33534156909,439.6954150140983,4.013093073541373
DeepSeek V3.2 Exp,Medium,1000,DGX H800,DeepSeek,1.27,1.2,6.016,Large,16.84072908498937,14.17477621217126,10.10443745099362,8.504865727302757,15.912499922824598,13.39348933433505,101.31382617529604,85.27545369242232,15507.752648580316,9304.65158914819,107947.634562439,14162.331185918098,89956.36213536584,2022.7503454669984,18.46161029592895
DeepSeek V3 (DeepSeek),Medium,1000,DGX H800,DeepSeek,1.27,1.2,6.016,Large,5.941084233923937,5.000587507140218,3.5646505403543625,3.000352504284131,5.613622898195847,4.724964573675795,35.74156275128641,30.083534442955543,5470.835870532078,3282.5015223192463,38081.8423330568,4996.197142038427,31734.868610880665,713.5872874607057,6.51289984587152
Grok 3 mini Reasoning (high) Fast,Medium,1000,DGX H200/H100,xAI,1.5,0.36,3.142,Medium,0.912981854426649,0.7191966977069053,0.3514980139542599,0.2768907286171585,0.2191156450623957,0.1726072074496572,2.8685889866085312,2.2597160241950967,816.0892760667771,314.1943712857092,2760.0139316578407,745.2870101066458,2300.0116097148675,68.30312419254548,0.6234015303287881
Grok 3 mini Reasoning (high),Medium,1000,DGX H200/H100,xAI,1.5,0.36,3.142,Medium,0.906381035082414,0.7139969366694693,0.3489566985067293,0.2748888206177456,0.2175314484197792,0.1713592648006726,2.847849212228944,2.2433783750154723,810.1889858759415,311.9227595622375,2740.0591502324337,739.8986172383028,2283.382625193695,67.80929555700816,0.6188943642107887
o1,Medium,1000,DGX H200/H100,Azure,1.12,0.3,4.35,Large,9.67289519953007,8.141638291618593,3.288784367840224,2.768157019150322,2.5909540713026966,2.1807959709692657,42.077094117955795,35.41612656854088,8907.26674557433,3028.4706934952733,41132.48536438432,8134.490178606695,34277.07113698693,658.3631942381029,6.008870423601732
DeepSeek V3 (DeepSeek),Medium,1000,DGX H800,DeepSeek,1.27,1.2,6.016,Large,6.051202643411267,5.093273744383618,3.630721586046759,3.05596424663017,5.717671789050016,4.812542120677433,36.40403510276218,30.641134846211845,5572.238193897442,3343.3429163384653,38787.69192935074,5088.802003559308,32323.07660779228,726.8136774648838,6.633616897496955
DeepSeek R1 (Azure),Medium,1000,DGX H200/H100,Azure,1.12,0.3,4.35,Large,2.602062404118551,2.1901458115231054,0.8847012174003073,0.7446495759178559,0.6969810011031833,0.5866461995151174,11.318971457915696,9.527134280125509,2396.104107820828,814.6753966590816,11064.866469329752,2188.222929516738,9220.722057774794,177.10334709980037,1.616419437815638
Gemini 2.5 Flash (Vertex),Medium,1000,TPU V6e,Google,1.09,0.3,1.1,Large,1.4953433687057704,1.3982431499586423,0.345424318171033,0.3229941676404465,0.411562395056634,0.3848375642088006,1.644877705576348,1.538067464954507,1446.7932593322064,334.20924290573964,1989.6725648981449,1321.2723829517868,1658.060470748454,72.65418324037819,0.6631135771939278
GPT-5 nano (high),Medium,1000,DGX H200/H100,Azure,1.12,0.3,4.35,Small,6.956332896997331,5.497326746316244,2.3651531849790923,1.869091093747523,1.863303454552856,1.4724982356204224,30.260048101938388,23.913371346475657,6226.829821656787,2117.1221393633077,28754.610569293665,5686.602576855514,23962.17547441139,460.2439433398495,4.2006391654033886
GPT-4.1,Medium,1000,DGX H200/H100,Azure,1.12,0.3,4.35,Large,2.6172491305402055,2.2029284201225323,0.8898647043836698,0.7489956628416612,0.7010488742518405,0.5900701125328212,11.385033717849891,9.582738627533018,2410.0887753313696,819.4301836126655,11129.445666083786,2200.9943153711138,9274.538055069825,178.136996437536,1.6258535389140187
GPT-5 nano (medium),Medium,1000,DGX H200/H100,Azure,1.12,0.3,4.35,Small,3.666512360349533,2.89750602259832,1.2466142025188411,0.9851520476834286,0.9821015250936246,0.7761176846245498,15.949328767520464,12.60415119830269,3282.0091914739264,1115.8831251011352,15155.849587770665,2997.268668012718,12629.874656475551,242.5832880654642,2.2140538196451094
o3-mini (high),Medium,1000,DGX H200/H100,Azure,1.12,0.3,4.35,Medium,5.1530781721271355,4.059310474189854,1.752046578523226,1.3801655612245505,1.3802887961054824,1.0873153055865676,22.415890048753035,17.658000562725856,4606.194323158495,1566.106069873888,21270.74735658547,4206.570158135612,17725.622797154563,340.4578412769322,3.107353313241841
Grok 3 Fast,Medium,1000,DGX H200/H100,xAI,1.5,0.36,3.142,Large,7.0433380048097165,5.928350221716163,2.7116851318517408,2.282414835360723,1.6904011211543315,1.422804053211879,22.13016801111213,18.626876396632184,6485.844113262939,2497.049983606232,21935.124791055263,5923.145308915926,18279.27065921272,542.8369529578765,4.954464253186968
GPT-5 (minimal),Medium,1000,DGX H200/H100,Azure,1.12,0.3,4.35,Large,3.3125758878776104,2.7881822490899175,1.1262758018783876,0.947981964690572,0.8872971128243599,0.746834531006228,14.409705112267606,12.12859278354114,3050.379068483764,1037.1288832844798,14086.214769819664,2785.7343091175926,11738.512308183052,225.46280071401736,2.057795403342222
GPT-4.1 mini,Medium,1000,DGX H200/H100,Azure,1.12,0.3,4.35,Medium,1.6757480427773472,1.320061787329976,0.5697543345442981,0.4488210076921918,0.4488610828867893,0.3535879787491006,7.289503986081459,5.742268774885393,1497.9049150536614,509.287671118245,6917.110911301373,1367.9496941129328,5764.259092751144,110.71471111266194,1.0104914109488987
DeepSeek V3 (Azure),Medium,1000,DGX H200/H100,Azure,1.12,0.3,4.35,Large,2.3625900845828904,1.9885828909810752,0.8032806287581827,0.6761181829335657,0.6328366297989885,0.532656131512788,10.277266867935571,8.650335575767677,2175.5864877819827,739.6994058458741,10046.547602507517,1986.8369751433631,8372.123002089596,160.80421866214655,1.4676575512814962
GPT-5 mini (minimal),Medium,1000,DGX H200/H100,Azure,1.12,0.3,4.35,Medium,1.838760986413236,1.4484743841170595,0.6251787353805002,0.4924812905998001,0.492525264217831,0.3879842100313551,7.998610290897576,6.3008635709092085,1643.6176852651474,558.8300129901501,7589.991668027985,1501.020717137121,6324.9930566899875,121.48478543264132,1.10878970831379
Mistral Medium 3,Medium,1000,DGX H200/H100,Azure,1.12,0.3,4.35,Large,4.436249812117485,3.733974223485458,1.508324936119945,1.269551235985056,1.188281199674326,1.0001716670050331,19.29768668271106,16.242787872161745,4085.112017801471,1388.9380860525007,18864.463710776086,3730.69590666801,15720.38642564674,301.94306218532626,2.755829535818454
GPT-4o (Aug),Medium,1000,DGX H200/H100,Azure,1.12,0.3,4.35,Large,1.8419498359684396,1.5503620174123047,0.6262629442292694,0.5271230859201838,0.4933794203486891,0.4152755403782958,8.012481786462711,6.744074775743525,1696.1559266903726,576.6930150747266,7832.6057614666115,1549.0008462925778,6527.171467888843,125.36804675537536,1.1442321727673148
Llama 4 Maverick,Medium,1000,DGX H200/H100,AWS,1.14,0.18,5.12,Micro,0.4096425334386556,0.3053888437796629,0.1228927600315966,0.0916166531338989,0.0646804000166298,0.0482192911231047,2.0973697712059165,1.563590880151875,357.51568860915927,107.2547065827478,1886.930171248763,326.4983457617893,1572.4418093739691,23.316240561466913,0.2128069575054519
Llama 3.1 405B Latency Optimized,Medium,1000,DGX H200/H100,AWS,1.14,0.18,5.12,Large,3.003125089854551,2.5277187152061975,0.9009375269563652,0.7583156145618591,0.474177645766508,0.399113481348347,15.3760004600553,12.94191982185573,2765.421902530374,829.6265707591122,14595.605704512946,2525.4994543656385,12163.004753760788,180.35360233893743,1.6460844657918892
Llama 3.1 405B Standard,Medium,1000,DGX H200/H100,AWS,1.14,0.18,5.12,Large,8.38394555203815,7.056734383376281,2.5151836656114455,2.1170203150128835,1.323780876637603,1.1142212184278335,42.92580122643533,36.13048004288655,7720.339967707215,2316.1019903121646,40747.14168219367,7050.538783294261,33955.95140182806,503.5004326765576,4.59544045696858
GPT-4o (Nov),Medium,1000,DGX H200/H100,Azure,1.12,0.3,4.35,Large,2.504255803573301,2.1078223760111667,0.8514469732149224,0.7166596078437967,0.6707828045285625,0.5645952792887052,10.893512745543855,9.169027335648574,2306.0390897922334,784.0532905293595,10648.959082504847,2105.9717714997564,8874.132568754041,170.44636750638253,1.5556612907328562
Llama 3.3 70B,Medium,1000,DGX H200/H100,AWS,1.14,0.18,5.12,Medium,0.9121917022813762,0.7185742594724421,0.2736575106844128,0.2155722778417327,0.1440302687812699,0.1134590936009119,4.670421515680646,3.679100208498904,815.3829808769092,244.6148942630728,4303.505543280867,744.6419916684102,3586.2546194007223,53.17715092675496,0.4853470124267318
GPT-5 nano (minimal),Medium,1000,DGX H200/H100,Azure,1.12,0.3,4.35,Small,0.6146571632224099,0.4857403050184588,0.2089834354956193,0.165151703706276,0.1646403115774311,0.1301090102728014,2.6737586600174827,2.1129703268302955,550.1987341204342,187.06756960094768,2540.739154349005,502.4645973702596,2117.2826286241707,40.66686295672776,0.371165812700293
Llama 4 Scout,Medium,1000,DGX H200/H100,AWS,1.14,0.18,5.12,Micro,0.2118755131881003,0.1579533684029085,0.0635626539564301,0.0473860105208725,0.0334540283981211,0.0249400055373013,1.0848026275230742,0.8087212462228915,184.9144407955044,55.47433223865132,975.958953840694,168.8716354296844,813.2991282005784,12.059637443185071,0.1100681195211335
GPT-4.1 nano,Medium,1000,DGX H200/H100,Azure,1.12,0.3,4.35,Small,0.499964915405489,0.3951033601144501,0.1699880712378662,0.134335142438913,0.1339191737693273,0.1058312571735134,2.1748473820138767,1.7186996164978576,447.5341377599696,152.16160683838967,2066.648714727288,408.7069751232599,1722.20726227274,33.07861018225863,0.30190795007617
Llama 3.1 70B Standard,Medium,1000,DGX H200/H100,AWS,1.14,0.18,5.12,Medium,4.104570886253655,3.233354324168229,1.231371265876097,0.9700062972504688,0.6480901399347876,0.5105296301318256,21.01540293761871,16.554774139741337,3668.962605210942,1100.6887815632826,19364.39842371333,3350.650781014559,16136.998686427776,239.28016990506143,2.183906312625561
Llama 3.1 70B Latency Optimized,Medium,1000,DGX H200/H100,AWS,1.14,0.18,5.12,Medium,0.958373403411465,0.7549536538560307,0.2875120210234395,0.2264860961568092,0.151322116328126,0.1192032085035838,4.9068718254667,3.865362707742878,856.6635286337481,256.9990585901244,4521.379929020644,782.3411220399527,3767.816607517204,55.86936056307052,0.5099187670438976
Claude 3 Haiku,Medium,1000,DGX H200/H100,Anthropic,1.14,0.18,5.12,Large,1.9478659653600712,1.6395112118331057,0.5843597896080214,0.4918533635499316,0.3075577840042217,0.2588701913420693,9.973073742643566,8.394297404585501,1793.6885885965885,538.1065765789764,9466.89956128768,1638.0717704078431,7889.082967739732,116.97969056064704,1.0676717789265404
Llama 3.1 8B,Medium,1000,DGX H200/H100,AWS,1.14,0.18,5.12,Micro,0.1457729311158277,0.1086738393939301,0.0437318793347483,0.032602151818179,0.0230167785972359,0.0171590272727258,0.746357407313038,0.5564100576969222,127.22338525487892,38.16701557646368,671.4716354399609,116.18573995879352,559.5596961999674,8.297177299231237,0.0757282055088565
Llama 3 70B,Medium,1000,DGX H200/H100,AWS,1.14,0.18,5.12,Medium,2.8272858504001306,2.227179693903324,0.8481857551200392,0.6681539081709973,0.4464135553263365,0.351659951668946,14.47570355404867,11.403160032785022,2527.232772151728,758.1698316455182,13338.468546914488,2307.97513438514,11115.390455762074,164.81952861859094,1.5043052215188857
Llama 3.2 11B (Vision),Medium,1000,DGX H200/H100,AWS,1.14,0.18,5.12,Micro,0.3679417381752811,0.2743008667981872,0.1103825214525843,0.0822902600394561,0.0580960639224128,0.0433106631786611,1.8838616994574393,1.404420438006719,321.1213024867342,96.33639074602024,1694.844432282616,293.26146345820473,1412.370360235513,20.942693640439185,0.1911436324325798
Llama 3 8B,Medium,1000,DGX H200/H100,AWS,1.14,0.18,5.12,Micro,0.3654465030189712,0.2724406669479733,0.1096339509056913,0.0817322000843919,0.0577020794240481,0.0430169474128378,1.871086095457133,1.3948962147736232,318.9435849834723,95.68307549504166,1683.3506685338211,291.272680350203,1402.7922237781845,20.800668585878626,0.1898473720139715
Llama 3.2 1B,Medium,1000,DGX H200/H100,AWS,1.14,0.18,5.12,Nano,0.3689026085072096,0.2720858439333533,0.1106707825521629,0.081625753180006,0.058247780290612,0.0429609227263189,1.8887813555569135,1.393079520938769,320.4942262202815,96.14826786608444,1691.534789756307,292.6887910687503,1409.6123247969226,20.901797362192273,0.1907703727501675
Llama 3.2 90B (Vision),Medium,1000,DGX H200/H100,AWS,1.14,0.18,5.12,Large,3.885410188591663,3.270334653436516,1.165623056577499,0.9811003960309548,0.6134858192513152,0.5163686294899763,19.89330016558932,16.744113425594964,3577.872421014089,1073.3617263042267,18883.634019962785,3267.4633981863826,15736.36168330232,233.3395057183102,2.129685964889339
GPT-4o (May),Medium,1000,DGX H200/H100,Azure,1.12,0.3,4.35,Large,2.57569411152416,2.1679517221380027,0.8757359979182144,0.7371035855269209,0.6899180655868284,0.5807013541441078,11.204269385130097,9.430589991300312,2371.822916831082,806.4197917225677,10952.739398080672,2166.048325873134,9127.282831733894,175.30865037447126,1.6000392692908088
GPT-4 Turbo,Medium,1000,DGX A100,Azure,1.12,0.3,4.35,Large,10.92151657365998,9.648334313706902,3.713315635044393,3.2804336666603477,2.9254062250874946,2.5843752626000627,47.5085970954209,41.97025426462502,10284.92544368344,3496.87465085237,47494.316423866745,9392.625975966612,39578.597019888955,760.1901414896457,6.938243354865813
GPT-4o mini,Medium,1000,DGX A100,Azure,1.12,0.3,4.35,Medium,2.0799933450131145,1.927314606695538,0.7071977373044589,0.6552869662764831,0.5571410745570842,0.5162449839363047,9.047971050807046,8.383818539125588,2003.6539758543263,681.2423517904709,9252.587824213011,1829.8209825153667,7710.489853510844,148.09616343271108,1.351671332917601
GPT-3.5 Turbo,Medium,1000,DGX A100,Azure,1.12,0.3,4.35,Large,2.6994399416727397,2.3847511324431308,0.9178095801687316,0.8108153850306644,0.7230642700909123,0.6387726247615527,11.742563746276415,10.373667426127618,2542.095537057935,864.312482599698,11739.03403362825,2321.548435669347,9782.528361356875,187.8940179564561,1.7149057194438453
GPT-4,Medium,1000,DGX A100,Azure,1.12,0.3,4.35,Large,6.790342804308911,5.998754572112608,2.30871655346503,2.0395765545182862,1.818841822582744,1.606809260387305,29.53799119874376,26.09458238868984,6394.548688210759,2174.146553991658,29529.112335201815,5839.770491516675,24607.59361266818,472.6405552155779,4.313782845221544
o3-mini,Medium,1000,DGX H200/H100,Azure,1.12,0.3,4.35,Medium,1.6662125731381645,1.3125502708169876,0.566512274866976,0.4462670920777757,0.4463069392334368,0.3515759653974072,7.248024693151016,5.709593678053894,1489.381421977576,506.3896834723758,6877.750637917878,1360.1656821713025,5731.458864931565,110.08471379834258,1.004741435461063
o3-pro,Medium,1000,DGX H200/H100,Azure,1.12,0.3,4.35,Large,32.43919865067536,27.30394741551544,11.02932754122962,9.283342121275249,8.689071067145186,7.313557343441635,141.1105141304378,118.77217125749212,29871.573033095403,10156.334831252438,137942.6568992584,27279.975372689867,114952.21408271536,2207.8988763592256,20.15145799851674
Llama 3.2 3B,Medium,1000,DGX H200/H100,AWS,1.14,0.18,5.12,Nano,0.6067940061532364,0.4475437566733201,0.1820382018459709,0.134263127001996,0.095809579918932,0.070664803685261,3.106785311504571,2.2914240341673997,527.1688814132783,158.15066442398344,2782.3418646380815,481.4327684139528,2318.6182205317346,34.3805792226051,0.313791000841237
Claude 4.1 Opus,Medium,1000,DGX H200/H100,Anthropic,1.14,0.18,5.12,Large,8.358552539933479,7.03536118378853,2.5075657619800436,2.110608355136559,1.3197714536737073,1.1108465027034522,42.79578900445941,36.02104926099727,7696.956861861004,2309.087058558301,40623.72811091693,7029.18434873151,33853.10675909744,501.9754475126742,4.581521941583931
Claude 4 Opus,Medium,1000,DGX H200/H100,Anthropic,1.14,0.18,5.12,Large,6.337664258951653,5.3343873727289175,1.901299277685496,1.6003162118186751,1.0006838303607877,0.8422716904308818,32.44884100583247,27.31206334837206,5836.025815840287,1750.8077447520857,30801.929937498095,5329.703941406655,25668.27494791508,380.6103792939317,3.473824890381122
Mistral Large 2 (AWS),Medium,1000,DGX H200/H100,AWS,1.14,0.18,5.12,Large,7.632749816091686,6.424455852272224,2.289824944827506,1.9273367556816672,1.205171023593424,1.014387766148246,39.07967905838944,32.89321396363379,7028.6028341819565,2108.5808502545865,37096.22590588244,6418.815373682152,30913.52158823537,458.38714135969275,4.183692163203545
GPT-5 (high),Long,1500,DGX H200/H100,Azure,1.12,0.3,4.35,Large,24.827871373947595,20.897522831358007,8.441476267142184,7.105157762661722,6.650322689450248,5.597550758399465,108.00124047667204,90.90422431640732,22862.6971026528,7773.317014901953,105576.66912046452,20879.175436212605,87980.55760038711,1689.8515249786856,15.423248045440385
Claude 4.5 Sonnet,Long,1500,DGX H200/H100,Anthropic,1.14,0.18,5.12,Large,10.907652650553011,9.180928838734015,3.2722957951659044,2.754278651620205,1.72226094482416,1.4496203429580028,55.847181570831424,47.00635565431817,10044.290744643517,3013.287223393054,53012.70925646588,9172.868259948416,44177.25771372157,655.0624398680552,5.978744490859234
GPT-5 (medium),Long,1500,DGX H200/H100,Azure,1.12,0.3,4.35,Large,16.32665423959382,13.742081412972608,5.551062441461901,4.672307680410689,4.373210957034059,3.6809146641890913,71.02094594223313,59.778054146430854,15034.36782628322,5111.685060936295,69426.56285494355,13730.016279710704,57855.469045786296,1111.235882812238,10.142232263762487
DeepSeek V3.2,Long,1500,DGX H800,DeepSeek,1.27,1.2,6.016,Large,20.760365878555533,17.473919265978537,12.45621952713332,10.484351559587124,19.61609374351703,16.51078985761752,124.8943611253901,105.12309830412693,19117.142572267032,11470.285543360222,133072.17151532578,17458.577691568065,110893.4762627715,2493.540335513092,22.758503062222665
Grok 4,Long,1500,DGX H200/H100,xAI,1.5,0.36,3.142,Large,13.0435039579501,10.978666582274606,5.021749023810788,4.226786634175723,3.130440949908024,2.6348799797459046,40.98268943587921,34.494970401506805,12011.085270112351,4624.2678289932555,40621.490383519966,10969.02764393822,33851.24198626664,1005.275614998534,9.175134581335824
GPT-5 mini (high),Long,1500,DGX H200/H100,Azure,1.12,0.3,4.35,Medium,16.57723790307839,13.058632763827386,5.636260887046655,4.439935139701313,4.440331581181712,3.4978480617394783,72.11098487839102,56.805052522649135,14817.93533345289,5038.098013373983,68427.10852198067,13532.361035116795,57022.5904349839,1095.2386985595615,9.996226217011872
Kimi K2 Thinking,Long,1500,DGX H200/H100,AWS,1.14,0.18,5.12,Large,8.01843822039582,6.749088283032806,2.4055314661187457,2.0247264849098414,1.2660691926940773,1.0656455183736009,41.0544036884266,34.55533200912797,7383.763251714314,2215.1289755142943,38970.72520431113,6743.1627869537115,32475.604336925942,481.5497772857162,4.395097173639473
GPT-5 (low),Long,1500,DGX H200/H100,Azure,1.12,0.3,4.35,Large,8.68512329511049,7.310234519064728,2.952941920337566,2.485479736482008,2.3263723111903087,1.958098531892338,37.78028633373062,31.799520157931568,7997.678907087609,2719.2108284097867,36932.13866737242,7303.816353504666,30776.78222281035,591.1327887847362,5.395259580178148
GPT-5 mini (medium),Long,1500,DGX H200/H100,Azure,1.12,0.3,4.35,Medium,5.1539761678014,4.060017865602238,1.7523518970524758,1.3804060743047617,1.3805293306610888,1.0875047854291708,22.419796329936084,17.66107771536974,4606.997016701819,1566.3789856786188,21274.45408069804,4207.303211599835,17728.711733915035,340.5171707996998,3.1078948128544024
Claude 4 Sonnet,Long,1500,DGX H200/H100,Anthropic,1.14,0.18,5.12,Large,10.59129426226924,8.914651212977148,3.1773882786807723,2.6743953638931437,1.6723096203583012,1.407576507312181,54.227426622818506,45.64301421044299,9752.972737623197,2925.891821286958,51475.16348046599,8906.824417920727,42895.96956705499,636.0634394102083,5.805340915251901
o3,Long,1500,DGX H200/H100,Azure,1.12,0.3,4.35,Large,7.385870101604472,6.216658156191465,2.51119583454552,2.113663773105098,1.978358062929769,1.6651762918369997,32.12853494197945,27.042462979432877,6801.264128897969,2312.4298038253096,31407.266138089544,6211.2001177150405,26172.72178174129,502.7021312663717,4.588154372669265
Claude 4.5 Haiku,Long,1500,DGX H200/H100,Anthropic,1.14,0.18,5.12,Large,7.527410115254693,6.3357918355253275,2.258223034576408,1.9007375506575983,1.188538439250741,1.000388184556631,38.54033979010403,32.439254197889674,6931.60097539001,2079.4802926170028,36584.260305900534,6330.229201269415,30486.883588250446,452.06093317760934,4.125952961541672
Gemini 2.5 Pro Vertex,Long,1500,TPU V6e,Google,1.09,0.3,1.1,Large,2.946942421979669,2.7555825244485206,0.6807436994773035,0.6365395631476084,0.8110850702696335,0.7584172085638131,3.2416366641776357,3.031140776893374,2851.262473214095,658.641631312456,3921.139859952228,2603.892669601913,3267.6165499601902,143.18296332879478,1.3068286335564605
Gemini 2.5 Pro (AI Studio),Long,1500,TPU V6e,Google,1.09,0.3,1.1,Large,3.1188981449789197,2.9163722914088597,0.7204654714901305,0.6736819993154466,0.8584123334804366,0.8026712728648236,3.430787959476812,3.2080095205497456,3017.6352181938896,697.0737354027885,4149.940543185909,2755.8312494921365,3458.2837859882575,151.5377685658236,1.3830828083388662
o4-mini (high),Long,1500,DGX H200/H100,Azure,1.12,0.3,4.35,Medium,6.8193508895233,5.371908123332632,2.318579302437923,1.826448761933095,1.8266118454080271,1.4389039616069546,29.66417636942635,23.367800336496945,6095.629506427965,2072.5140321855088,28148.74625646914,5566.784937377137,23457.28854705762,450.5465287359802,4.112131016241089
DeepSeek V3.2 Exp,Long,1500,DGX H800,DeepSeek,1.27,1.2,6.016,Large,20.33612235311906,17.116835139621767,12.201673411871436,10.27010108377306,19.21523371948258,16.17338753350088,122.34211207636427,102.97488019996452,18726.478746370416,11235.887247822247,130352.80676465612,17101.807074310884,108627.33897054676,2442.5841843091844,22.293427079012396
DeepSeek V3 (DeepSeek),Long,1500,DGX H800,DeepSeek,1.27,1.2,6.016,Large,9.100272754470636,7.659664205353023,5.460163652682383,4.595798523211813,8.598682917610052,7.237477989309943,54.74724089089537,46.080539859403785,8379.968479911831,5027.981087947098,58331.97082860957,7652.939251061033,48609.97569050798,1093.0393669450214,9.976152952275989
Grok 3 mini Reasoning (high) Fast,Long,1500,DGX H200/H100,xAI,1.5,0.36,3.142,Medium,1.4425952650445837,1.1363969017754867,0.5553991770421647,0.4375128071835625,0.3462228636107001,0.2727352564261168,4.5326343227700825,3.5705590653785797,1289.496083410035,496.4559921128635,4361.07575409274,1177.6219939817672,3634.229795077283,107.92521567670948,0.9850317303826658
Grok 3 mini Reasoning (high),Long,1500,DGX H200/H100,xAI,1.5,0.36,3.142,Medium,1.4679925906390254,1.1564035126512096,0.565177147396025,0.4452153523707157,0.3523182217533662,0.2775368430362903,4.612432719787819,3.6334198367501,1312.1980516451176,505.1962498833704,4437.853810663787,1198.3543850640344,3698.21150888649,109.8252717137762,1.002373511673354
o1,Long,1500,DGX H200/H100,Azure,1.12,0.3,4.35,Large,14.78370471431734,12.443386794877703,5.026459602867897,4.23075151025842,3.959920905620716,3.3330500343422416,64.30911550728042,54.12873255771801,13613.54575459752,4628.605556563158,62865.40950248071,12432.461876344769,52387.84125206726,1006.2185992528604,9.18374118365706
DeepSeek V3 (DeepSeek),Long,1500,DGX H800,DeepSeek,1.27,1.2,6.016,Large,9.290986217217116,7.820186985657656,5.574591730330269,4.692112191394593,8.778884614693338,7.38915305731432,55.89457308277816,47.04624490571646,8555.586601437388,5133.351960862432,59554.427830251145,7813.321097203094,49628.689858542624,1115.946078448355,10.185222144568318
DeepSeek R1 (Azure),Long,1500,DGX H200/H100,Azure,1.12,0.3,4.35,Large,7.254196216536955,6.105828758936758,2.466426713622565,2.075981778038498,1.9430882722866845,1.6354898461437746,31.55575354193576,26.5603551013749,6680.012487736858,2271.204245830531,30847.343380870556,6100.468025330464,25706.119484058796,493.7400534414198,4.506357630616133
Gemini 2.5 Flash (Vertex),Long,1500,TPU V6e,Google,1.09,0.3,1.1,Large,2.5923110435498105,2.423979157605017,0.5988238510600062,0.559939185406759,0.7134801037293056,0.6671502268637663,2.851542147904792,2.66637707336552,2508.145100577414,579.3815182333827,3449.2747759316912,2290.543470846954,2874.395646609743,125.95250396377888,1.149566504431315
GPT-5 nano (high),Long,1500,DGX H200/H100,Azure,1.12,0.3,4.35,Small,7.859461935943611,6.211035462487275,2.672217058220828,2.111752057245673,2.1052130185563245,1.663670213166234,34.188659421354714,27.01800426181964,7035.248699215444,2391.984557733251,32487.773457448457,6424.884656817757,27073.144547873715,519.9966429854894,4.746001106613594
GPT-4.1,Long,1500,DGX H200/H100,Azure,1.12,0.3,4.35,Large,4.287666005312625,3.6089118108320384,1.4578064418062922,1.2270300156828933,1.1484819657087382,0.9666728064728674,18.651347123109915,15.698766377119362,3948.288908072331,1342.4182287445926,18232.634136205445,3605.743295043225,15193.861780171204,291.8300497270854,2.6635282316360964
GPT-5 nano (medium),Long,1500,DGX H200/H100,Azure,1.12,0.3,4.35,Small,4.276923889272763,3.3798911634327835,1.4541541223527397,1.1491629955671467,1.1456046131980615,0.9053279902052098,18.604618918336516,14.702526560932608,3828.4075263527734,1301.658558959943,17679.039041336204,3496.2625811440853,14732.532534446837,282.96925194781375,2.582655870952268
o3-mini (high),Long,1500,DGX H200/H100,Azure,1.12,0.3,4.35,Medium,7.134104286698342,5.619853471581067,2.4255954574774368,1.9107501803375633,1.9109207910799124,1.5053178941735,31.033353647137783,24.446362601377643,6376.978879139703,2168.1728189074993,29447.977466884426,5823.725003780551,24539.981222403687,471.3419171538042,4.3019301962450385
Grok 3 Fast,Long,1500,DGX H200/H100,xAI,1.5,0.36,3.142,Large,8.767149997141976,7.379276075332928,3.375352748899661,2.8410212890031774,2.1041159993140743,1.7710262580799023,27.54638529102009,23.18568542869606,8073.213036237453,3108.1870189514193,27303.606488555062,7372.797293367537,22753.005407129214,675.6928302068303,6.167037736014721
GPT-5 (minimal),Long,1500,DGX H200/H100,Azure,1.12,0.3,4.35,Large,5.258671132252235,4.426203051952234,1.78794818496576,1.5049090376637595,1.4085726247104202,1.1855901032014913,22.87521942529722,19.25398327599222,4842.437092102235,1646.42861131476,22361.682714600673,4422.316979088799,18634.73559550056,357.9192633292957,3.266723435148333
GPT-4.1 mini,Long,1500,DGX H200/H100,Azure,1.12,0.3,4.35,Medium,2.9084882438887525,2.2911464561776844,0.988886002922176,0.7789897951004127,0.7790593510416302,0.6136999436190225,12.651923860916073,9.966487084372927,2599.817350033218,883.9378990112942,12005.585119974823,2374.2624201216604,10004.654266645688,192.16041282854223,1.753845037720822
DeepSeek V3 (Azure),Long,1500,DGX H200/H100,Azure,1.12,0.3,4.35,Large,4.034628603986134,3.3959312136731343,1.3717737253552855,1.1546166126488655,1.0807040903534286,0.9096244322338752,17.550634427339684,14.772300779478131,3715.2799088296338,1263.195169002076,17156.631864702562,3392.949688428889,14297.193220585468,274.60764543523396,2.506339621035865
GPT-5 mini (minimal),Long,1500,DGX H200/H100,Azure,1.12,0.3,4.35,Medium,2.806371282449787,2.2107043519992953,0.9541662360329276,0.7516394796797603,0.7517065935133358,0.5921529514283824,12.207715078656571,9.616563931196934,2508.537817224541,852.9028578563441,11584.06927739761,2290.9021161867954,9653.391064498008,185.41366475137917,1.692267575111794
Mistral Medium 3,Long,1500,DGX H200/H100,Azure,1.12,0.3,4.35,Large,6.014338383250809,5.062245239895203,2.0448750503052753,1.7211633815643694,1.6109834955136093,1.3559585464005008,26.16237196714102,22.020766793544137,5538.291811573006,1883.0192159348228,25575.04040129963,5057.800741162563,21312.533667749693,409.3520034640919,3.7361492379659182
GPT-4o (Aug),Long,1500,DGX H200/H100,Azure,1.12,0.3,4.35,Large,2.576787940819049,2.168872394003878,0.8761078998784766,0.7374166139613184,0.690211055576531,0.58094796267961,11.209027542562865,9.434594913916865,2372.830167411463,806.7622569198976,10957.390737367934,2166.9681894168616,9131.158947806613,175.3830993304125,1.6007187637299556
Llama 4 Maverick,Long,1500,DGX H200/H100,AWS,1.14,0.18,5.12,Micro,0.3179662112668415,0.237044070606311,0.0953898633800524,0.0711132211818933,0.0502051912526591,0.0374280111483649,1.6279870016862286,1.2136656415043128,277.5051409365763,83.25154228097288,1464.6429227957829,253.42935245349435,1220.5357689964858,18.09816136542889,0.1651816315098668
Llama 3.1 405B Latency Optimized,Long,1500,DGX H200/H100,AWS,1.14,0.18,5.12,Large,5.109141550312335,4.30034458404381,1.5327424650937007,1.290103375213143,0.806706560575632,0.6790017764279699,26.158804737599155,22.0177642703043,4704.743067178071,1411.422920153422,24831.138672453533,4296.569011121526,20692.615560377944,306.83106959857,2.80044230189171
Llama 3.1 405B Standard,Long,1500,DGX H200/H100,AWS,1.14,0.18,5.12,Large,23.34194567752165,19.646824948359203,7.0025837032564935,5.8940474845077615,3.685570370134997,3.1021302550040852,119.51076186891082,100.59174373559914,21494.385312940423,6448.315593882128,113445.10311482452,19629.575628256094,94537.58592902044,1401.8077378004627,12.79427697198835
GPT-4o (Nov),Long,1500,DGX H200/H100,Azure,1.12,0.3,4.35,Large,3.784578982412844,3.1854654191192195,1.2867568540203669,1.0830582425005348,1.0137265131462974,0.8532496658355052,16.462918573495866,13.856774573168606,3485.0222007660313,1184.907548260451,16093.33466282314,3182.668676498659,13411.112219019284,257.58859744792414,2.3510070401993075
Llama 3.3 70B,Long,1500,DGX H200/H100,AWS,1.14,0.18,5.12,Medium,1.537716327652395,1.2113280231096246,0.4613148982957185,0.3633984069328875,0.2427973148924834,0.1912623194383618,7.87310759758026,6.20199947832128,1374.52217538101,412.3566526143029,7254.583355116193,1255.2713930420182,6045.486129263494,89.64275056832672,0.8181679615363153
GPT-5 nano (minimal),Long,1500,DGX H200/H100,Azure,1.12,0.3,4.35,Small,0.8757240729497213,0.6920516082112029,0.2977461848029052,0.235297546791809,0.2345689481115324,0.1853709664851436,3.8093997173312872,3.0104244957187323,783.887840580462,266.5218657973571,3619.8820638233474,715.8793064661754,3016.5683865194565,57.939536042903725,0.528813225788407
Llama 4 Scout,Long,1500,DGX H200/H100,AWS,1.14,0.18,5.12,Micro,0.3489307458425666,0.2601281564625278,0.1046792237527699,0.0780384469387583,0.0550943282909315,0.0410728668098728,1.7865254187139412,1.3318561610881428,304.52945115254727,91.35883534576418,1607.2743874514445,278.1090878105455,1339.395322876204,19.860616379513953,0.1812675304479448
GPT-4.1 nano,Long,1500,DGX H200/H100,Azure,1.12,0.3,4.35,Small,0.7257553197169127,0.573536975506624,0.2467568087037503,0.1950025716722521,0.1943987463527444,0.1536259755821314,3.15703564076857,2.494885843453814,649.6461476117682,220.87969018800123,2999.9731030786293,593.284153070108,2499.977585898858,48.01732395391331,0.4382533535476215
Llama 3.1 70B Standard,Long,1500,DGX H200/H100,AWS,1.14,0.18,5.12,Medium,18.869840144812727,14.86461823157389,5.660952043443817,4.459385469472167,2.979448443917799,2.34704498393272,96.61358154144118,76.10684534565833,16867.229188193312,5060.168756457993,89023.460157475,15403.86227232266,74186.21679789583,1100.0366861865205,10.04001737392459
Llama 3.1 70B Latency Optimized,Long,1500,DGX H200/H100,AWS,1.14,0.18,5.12,Medium,1.6617260549893451,1.3090160395272985,0.4985178164968036,0.3927048118581894,0.2623777981562124,0.2066867430832576,8.50803740154545,6.702162122379768,1485.3710472583218,445.6113141774965,7839.632032582342,1356.5032395053167,6533.026693818619,96.8720248211949,0.8841494328918582
Claude 3 Haiku,Long,1500,DGX H200/H100,Anthropic,1.14,0.18,5.12,Large,2.859484454885952,2.4068169510736173,0.8578453364657855,0.722045085322085,0.4514975455083082,0.3800237291168868,14.640560409016071,12.32290278949692,2633.1507029797845,789.9452108939352,13897.492236569093,2404.7038383377026,11581.243530474245,171.72721975955113,1.567351608916538
Llama 3.1 8B,Long,1500,DGX H200/H100,AWS,1.14,0.18,5.12,Micro,0.3251287286907806,0.2423837332050339,0.0975386186072341,0.0727151199615101,0.051336115056439,0.0382711157692158,1.664659090896797,1.2410047140097733,283.7562309479072,85.12686928437218,1497.6355178661129,259.1381104547098,1248.0295982217606,18.50584114877656,0.1689025184213733
Llama 3.2 11B (Vision),Long,1500,DGX H200/H100,AWS,1.14,0.18,5.12,Micro,1.210352488242575,0.9023187700932194,0.3631057464727724,0.2706956310279658,0.1911082876172487,0.1424713847515609,6.197004739801984,4.619872102877284,1056.3356291678972,316.9006887503691,5575.228257524039,964.6900722994496,4646.023547936699,68.89145407616721,0.628771207838034
Llama 3.2 1B,Long,1500,DGX H200/H100,AWS,1.14,0.18,5.12,Nano,0.5802246890855501,0.4279474326290217,0.174067406725665,0.1283842297887065,0.0916144245924552,0.0675706472572139,2.9707504081180165,2.1910908550605908,504.08606085728593,151.22581825718578,2660.5131675141383,460.3525669929552,2217.094306261782,32.87517788199691,0.3000512267007654
Llama 3.2 90B (Vision),Long,1500,DGX H200/H100,AWS,1.14,0.18,5.12,Large,6.172471934186789,5.19534563506464,1.8517415802560369,1.5586036905193918,0.9746008317137036,0.8203177318523116,31.603056303036364,26.60016965153096,5683.908784625714,1705.1726353877143,29999.07225906667,5190.784278196999,24999.22688255556,370.6897033451553,3.383279038467687
GPT-4o (May),Long,1500,DGX H200/H100,Azure,1.12,0.3,4.35,Large,4.149225489434625,3.4923869667255385,1.4107366664077725,1.1874115686866835,1.1113996846699887,0.9354607946586264,18.049130879040614,15.191883305256091,3820.806228080082,1299.074117547228,17643.937331812664,3489.320756237518,14703.281109843889,282.4074168580931,2.5775280110064047
GPT-4 Turbo,Long,1500,DGX A100,Azure,1.12,0.3,4.35,Large,18.025603083986084,15.924257733576049,6.12870504855527,5.414247629415856,4.828286540353415,4.2654261786364405,78.41137341533948,69.27052114105581,16974.930408781067,5771.476338985564,78387.80363769257,15502.219551398235,65323.169698077145,1254.668769344688,11.451341942431675
GPT-4o mini,Long,1500,DGX A100,Azure,1.12,0.3,4.35,Medium,4.330068680824229,4.012226595126341,1.472223351480238,1.364157042342956,1.1598398252207756,1.074703552265984,18.83579876158539,17.453185688799582,4171.147637975286,1418.190196911597,19261.76391393587,3809.2672492924985,16051.469928279892,308.3022167199124,2.8138694383166607
o3-mini,Long,1500,DGX H200/H100,Azure,1.12,0.3,4.35,Medium,2.005823829775918,1.5800772683073718,0.6819801021238122,0.5372262712245065,0.5372742401185494,0.4232349825823317,8.725333659525244,6.873336117137067,1792.950549041645,609.6031866741595,8279.589499681597,1637.3977616818677,6899.657916401331,132.52243188568684,1.209530132289999
o3-pro,Long,1500,DGX H200/H100,Azure,1.12,0.3,4.35,Large,35.50780571641226,29.886782055298227,12.072653943580166,10.161505898801398,9.51101938832471,8.005388050526307,154.4589548663933,130.0075019405473,32697.293885855244,11117.079921190783,150991.4321228958,29860.54236151164,125826.19343574648,2416.756504606692,22.05769825633092
Llama 3.2 3B,Long,1500,DGX H200/H100,AWS,1.14,0.18,5.12,Nano,0.9452713378557636,0.6971892954274648,0.283581401356729,0.2091567886282394,0.1492533691351205,0.1100825203306523,4.839789249821511,3.569609192588619,821.2303166416142,246.3690949924842,4334.3671659379515,749.9820243302413,3611.9726382816266,53.558498911409615,0.4888275694295321
Claude 4.1 Opus,Long,1500,DGX H200/H100,Anthropic,1.14,0.18,5.12,Large,13.736866493789636,11.562267133642017,4.121059948136891,3.468680140092605,2.168978920072048,1.825621126364529,70.33275644820294,59.198807724247125,12649.566813715828,3794.870044114748,66763.08210944333,11552.115811612628,55635.90175786945,824.9717487205975,7.52950405578323
Claude 4 Opus,Long,1500,DGX H200/H100,Anthropic,1.14,0.18,5.12,Large,10.269036302977224,8.643407941233832,3.080710890893167,2.5930223823701497,1.6214267846806143,1.3647486223000789,52.57746587124338,44.25424865911722,9456.222122105528,2836.8666366316584,49908.94496867065,8635.81928959409,41590.78747389221,616.7101383981867,5.628703644110433
Mistral Large 2 (AWS),Long,1500,DGX H200/H100,AWS,1.14,0.18,5.12,Large,11.593420551156544,9.758137015143063,3.478026165346962,2.92744110454292,1.8305400870247173,1.540758476075221,59.358313221921506,49.9616615175325,10675.778783149804,3202.7336349449415,56345.63665127697,9749.56966497699,46954.69720939748,696.2464423793351,6.35463022806536
